city,date,temperature_fahrenheit,temperature_celsius
New York,2024-09-01,77,25
New York,2024-09-01,71,22
New York,2024-09-01,95,35
Los Angeles,2024-09-01,68,20
Los Angeles,2024-09-01,70,21
Los Angeles,2024-09-01,57,14
Chicago,2024-09-01,73,23
Chicago,2024-09-01,61,16
Chicago,2024-09-01,50,10
Houston,2024-09-01,69,21
Houston,2024-09-01,63,17
Houston,2024-09-01,64,18
Phoenix,2024-09-01,79,26
Phoenix,2024-09-01,75,24
Phoenix,2024-09-01,73,23
Philadelphia,2024-09-01,60,16
Philadelphia,2024-09-01,89,32
Philadelphia,2024-09-01,58,14
San Antonio,2024-09-01,58,14
San Antonio,2024-09-01,90,32
San Antonio,2024-09-01,84,29
New York,2024-09-02,55,13
New York,2024-09-02,87,31
New York,2024-09-02,60,16
Los Angeles,2024-09-02,75,24
Los Angeles,2024-09-02,78,26
Los Angeles,2024-09-02,90,32
Chicago,2024-09-02,90,32
Chicago,2024-09-02,71,22
Chicago,2024-09-02,62,17
Houston,2024-09-02,81,27
Houston,2024-09-02,92,33
Houston,2024-09-02,51,11
Phoenix,2024-09-02,98,37
Phoenix,2024-09-02,72,22
Phoenix,2024-09-02,90,32
Philadelphia,2024-09-02,69,21
Philadelphia,2024-09-02,85,29
Philadelphia,2024-09-02,91,33
San Antonio,2024-09-02,68,20
San Antonio,2024-09-02,70,21
San Antonio,2024-09-02,89,32
New York,2024-09-03,68,20
New York,2024-09-03,51,11
New York,2024-09-03,75,24
Los Angeles,2024-09-03,69,21
Los Angeles,2024-09-03,100,38
Los Angeles,2024-09-03,98,37
Chicago,2024-09-03,70,21
Chicago,2024-09-03,85,29
Chicago,2024-09-03,59,15
Houston,2024-09-03,70,21
Houston,2024-09-03,56,13
Houston,2024-09-03,99,37
Phoenix,2024-09-03,79,26
Phoenix,2024-09-03,97,36
Phoenix,2024-09-03,95,35
Philadelphia,2024-09-03,73,23
Philadelphia,2024-09-03,56,13
Philadelphia,2024-09-03,95,35
San Antonio,2024-09-03,79,26
San Antonio,2024-09-03,88,31
San Antonio,2024-09-03,73,23
New York,2024-09-04,60,16
New York,2024-09-04,70,21
New York,2024-09-04,95,35
Los Angeles,2024-09-04,91,33
Los Angeles,2024-09-04,67,19
Los Angeles,2024-09-04,64,18
Chicago,2024-09-04,89,32
Chicago,2024-09-04,80,27
Chicago,2024-09-04,73,23
Houston,2024-09-04,95,35
Houston,2024-09-04,69,21
Houston,2024-09-04,77,25
Phoenix,2024-09-04,65,18
Phoenix,2024-09-04,96,36
Phoenix,2024-09-04,94,34
Philadelphia,2024-09-04,95,35
Philadelphia,2024-09-04,65,18
Philadelphia,2024-09-04,64,18
San Antonio,2024-09-04,66,19
San Antonio,2024-09-04,98,37
San Antonio,2024-09-04,89,32
New York,2024-09-05,84,29
New York,2024-09-05,73,23
New York,2024-09-05,87,31
Los Angeles,2024-09-05,90,32
Los Angeles,2024-09-05,50,10
Los Angeles,2024-09-05,59,15
Chicago,2024-09-05,90,32
Chicago,2024-09-05,71,22
Chicago,2024-09-05,59,15
Houston,2024-09-05,92,33
Houston,2024-09-05,50,10
Houston,2024-09-05,73,23
Phoenix,2024-09-05,57,14
Phoenix,2024-09-05,60,16
Phoenix,2024-09-05,82,28
Philadelphia,2024-09-05,92,33
Philadelphia,2024-09-05,88,31
Philadelphia,2024-09-05,75,24
San Antonio,2024-09-05,52,11
San Antonio,2024-09-05,71,22
San Antonio,2024-09-05,82,28
New York,2024-09-06,55,13
New York,2024-09-06,85,29
New York,2024-09-06,92,33
Los Angeles,2024-09-06,98,37
Los Angeles,2024-09-06,57,14
Los Angeles,2024-09-06,63,17
Chicago,2024-09-06,76,24
Chicago,2024-09-06,52,11
Chicago,2024-09-06,67,19
Houston,2024-09-06,91,33
Houston,2024-09-06,58,14
Houston,2024-09-06,92,33
Phoenix,2024-09-06,63,17
Phoenix,2024-09-06,86,30
Phoenix,2024-09-06,75,24
Philadelphia,2024-09-06,61,16
Philadelphia,2024-09-06,100,38
Philadelphia,2024-09-06,56,13
San Antonio,2024-09-06,97,36
San Antonio,2024-09-06,52,11
San Antonio,2024-09-06,60,16
New York,2024-09-07,67,19
New York,2024-09-07,92,33
New York,2024-09-07,68,20
Los Angeles,2024-09-07,57,14
Los Angeles,2024-09-07,98,37
Los Angeles,2024-09-07,52,11
Chicago,2024-09-07,52,11
Chicago,2024-09-07,57,14
Chicago,2024-09-07,55,13
Houston,2024-09-07,53,12
Houston,2024-09-07,98,37
Houston,2024-09-07,80,27
Phoenix,2024-09-07,60,16
Phoenix,2024-09-07,83,28
Phoenix,2024-09-07,62,17
Philadelphia,2024-09-07,98,37
Philadelphia,2024-09-07,70,21
Philadelphia,2024-09-07,54,12
San Antonio,2024-09-07,65,18
San Antonio,2024-09-07,88,31
San Antonio,2024-09-07,70,21
New York,2024-09-08,77,25
New York,2024-09-08,81,27
New York,2024-09-08,53,12
Los Angeles,2024-09-08,99,37
Los Angeles,2024-09-08,59,15
Los Angeles,2024-09-08,83,28
Chicago,2024-09-08,84,29
Chicago,2024-09-08,72,22
Chicago,2024-09-08,69,21
Houston,2024-09-08,62,17
Houston,2024-09-08,87,31
Houston,2024-09-08,86,30
Phoenix,2024-09-08,66,19
Phoenix,2024-09-08,51,11
Phoenix,2024-09-08,53,12
Philadelphia,2024-09-08,88,31
Philadelphia,2024-09-08,75,24
Philadelphia,2024-09-08,71,22
San Antonio,2024-09-08,97,36
San Antonio,2024-09-08,77,25
San Antonio,2024-09-08,78,26
New York,2024-09-09,78,26
New York,2024-09-09,53,12
New York,2024-09-09,80,27
Los Angeles,2024-09-09,99,37
Los Angeles,2024-09-09,73,23
Los Angeles,2024-09-09,85,29
Chicago,2024-09-09,60,16
Chicago,2024-09-09,75,24
Chicago,2024-09-09,82,28
Houston,2024-09-09,97,36
Houston,2024-09-09,91,33
Houston,2024-09-09,62,17
Phoenix,2024-09-09,71,22
Phoenix,2024-09-09,50,10
Phoenix,2024-09-09,70,21
Philadelphia,2024-09-09,86,30
Philadelphia,2024-09-09,98,37
Philadelphia,2024-09-09,100,38
San Antonio,2024-09-09,86,30
San Antonio,2024-09-09,63,17
San Antonio,2024-09-09,89,32
New York,2024-09-10,88,31
New York,2024-09-10,88,31
New York,2024-09-10,73,23
Los Angeles,2024-09-10,89,32
Los Angeles,2024-09-10,50,10
Los Angeles,2024-09-10,94,34
Chicago,2024-09-10,77,25
Chicago,2024-09-10,66,19
Chicago,2024-09-10,69,21
Houston,2024-09-10,65,18
Houston,2024-09-10,74,23
Houston,2024-09-10,53,12
Phoenix,2024-09-10,72,22
Phoenix,2024-09-10,92,33
Phoenix,2024-09-10,99,37
Philadelphia,2024-09-10,100,38
Philadelphia,2024-09-10,96,36
Philadelphia,2024-09-10,82,28
San Antonio,2024-09-10,55,13
San Antonio,2024-09-10,93,34
San Antonio,2024-09-10,55,13
New York,2024-09-11,93,34
New York,2024-09-11,61,16
New York,2024-09-11,50,10
Los Angeles,2024-09-11,87,31
Los Angeles,2024-09-11,62,17
Los Angeles,2024-09-11,82,28
Chicago,2024-09-11,52,11
Chicago,2024-09-11,96,36
Chicago,2024-09-11,51,11
Houston,2024-09-11,84,29
Houston,2024-09-11,93,34
Houston,2024-09-11,91,33
Phoenix,2024-09-11,74,23
Phoenix,2024-09-11,61,16
Phoenix,2024-09-11,56,13
Philadelphia,2024-09-11,80,27
Philadelphia,2024-09-11,87,31
Philadelphia,2024-09-11,64,18
San Antonio,2024-09-11,92,33
San Antonio,2024-09-11,54,12
San Antonio,2024-09-11,68,20
New York,2024-09-12,67,19
New York,2024-09-12,87,31
New York,2024-09-12,53,12
Los Angeles,2024-09-12,81,27
Los Angeles,2024-09-12,55,13
Los Angeles,2024-09-12,78,26
Chicago,2024-09-12,85,29
Chicago,2024-09-12,78,26
Chicago,2024-09-12,72,22
Houston,2024-09-12,98,37
Houston,2024-09-12,66,19
Houston,2024-09-12,70,21
Phoenix,2024-09-12,81,27
Phoenix,2024-09-12,54,12
Phoenix,2024-09-12,75,24
Philadelphia,2024-09-12,68,20
Philadelphia,2024-09-12,70,21
Philadelphia,2024-09-12,58,14
San Antonio,2024-09-12,77,25
San Antonio,2024-09-12,57,14
San Antonio,2024-09-12,72,22
New York,2024-09-13,62,17
New York,2024-09-13,100,38
New York,2024-09-13,97,36
Los Angeles,2024-09-13,67,19
Los Angeles,2024-09-13,81,27
Los Angeles,2024-09-13,90,32
Chicago,2024-09-13,85,29
Chicago,2024-09-13,58,14
Chicago,2024-09-13,94,34
Houston,2024-09-13,100,38
Houston,2024-09-13,72,22
Houston,2024-09-13,77,25
Phoenix,2024-09-13,91,33
Phoenix,2024-09-13,92,33
Phoenix,2024-09-13,95,35
Philadelphia,2024-09-13,67,19
Philadelphia,2024-09-13,59,15
Philadelphia,2024-09-13,80,27
San Antonio,2024-09-13,80,27
San Antonio,2024-09-13,94,34
San Antonio,2024-09-13,51,11
New York,2024-09-14,60,16
New York,2024-09-14,82,28
New York,2024-09-14,79,26
Los Angeles,2024-09-14,60,16
Los Angeles,2024-09-14,92,33
Los Angeles,2024-09-14,51,11
Chicago,2024-09-14,83,28
Chicago,2024-09-14,66,19
Chicago,2024-09-14,86,30
Houston,2024-09-14,66,19
Houston,2024-09-14,85,29
Houston,2024-09-14,65,18
Phoenix,2024-09-14,78,26
Phoenix,2024-09-14,59,15
Phoenix,2024-09-14,73,23
Philadelphia,2024-09-14,93,34
Philadelphia,2024-09-14,84,29
Philadelphia,2024-09-14,67,19
San Antonio,2024-09-14,81,27
San Antonio,2024-09-14,80,27
San Antonio,2024-09-14,81,27
New York,2024-09-15,80,27
New York,2024-09-15,84,29
New York,2024-09-15,52,11
Los Angeles,2024-09-15,77,25
Los Angeles,2024-09-15,93,34
Los Angeles,2024-09-15,64,18
Chicago,2024-09-15,52,11
Chicago,2024-09-15,56,13
Chicago,2024-09-15,51,11
Houston,2024-09-15,88,31
Houston,2024-09-15,68,20
Houston,2024-09-15,78,26
Phoenix,2024-09-15,83,28
Phoenix,2024-09-15,83,28
Phoenix,2024-09-15,96,36
Philadelphia,2024-09-15,96,36
Philadelphia,2024-09-15,81,27
Philadelphia,2024-09-15,51,11
San Antonio,2024-09-15,88,31
San Antonio,2024-09-15,83,28
San Antonio,2024-09-15,67,19
New York,2024-09-16,55,13
New York,2024-09-16,84,29
New York,2024-09-16,96,36
Los Angeles,2024-09-16,81,27
Los Angeles,2024-09-16,78,26
Los Angeles,2024-09-16,77,25
Chicago,2024-09-16,97,36
Chicago,2024-09-16,73,23
Chicago,2024-09-16,57,14
Houston,2024-09-16,64,18
Houston,2024-09-16,72,22
Houston,2024-09-16,75,24
Phoenix,2024-09-16,100,38
Phoenix,2024-09-16,89,32
Phoenix,2024-09-16,67,19
Philadelphia,2024-09-16,52,11
Philadelphia,2024-09-16,97,36
Philadelphia,2024-09-16,100,38
San Antonio,2024-09-16,54,12
San Antonio,2024-09-16,51,11
San Antonio,2024-09-16,87,31
New York,2024-09-17,70,21
New York,2024-09-17,93,34
New York,2024-09-17,60,16
Los Angeles,2024-09-17,74,23
Los Angeles,2024-09-17,52,11
Los Angeles,2024-09-17,95,35
Chicago,2024-09-17,69,21
Chicago,2024-09-17,57,14
Chicago,2024-09-17,97,36
Houston,2024-09-17,94,34
Houston,2024-09-17,69,21
Houston,2024-09-17,63,17
Phoenix,2024-09-17,83,28
Phoenix,2024-09-17,98,37
Phoenix,2024-09-17,50,10
Philadelphia,2024-09-17,97,36
Philadelphia,2024-09-17,51,11
Philadelphia,2024-09-17,92,33
San Antonio,2024-09-17,64,18
San Antonio,2024-09-17,62,17
San Antonio,2024-09-17,70,21
New York,2024-09-18,58,14
New York,2024-09-18,100,38
New York,2024-09-18,96,36
Los Angeles,2024-09-18,92,33
Los Angeles,2024-09-18,64,18
Los Angeles,2024-09-18,87,31
Chicago,2024-09-18,82,28
Chicago,2024-09-18,57,14
Chicago,2024-09-18,63,17
Houston,2024-09-18,91,33
Houston,2024-09-18,92,33
Houston,2024-09-18,83,28
Phoenix,2024-09-18,61,16
Phoenix,2024-09-18,90,32
Phoenix,2024-09-18,77,25
Philadelphia,2024-09-18,95,35
Philadelphia,2024-09-18,88,31
Philadelphia,2024-09-18,68,20
San Antonio,2024-09-18,50,10
San Antonio,2024-09-18,82,28
San Antonio,2024-09-18,52,11
New York,2024-09-19,67,19
New York,2024-09-19,85,29
New York,2024-09-19,54,12
Los Angeles,2024-09-19,84,29
Los Angeles,2024-09-19,66,19
Los Angeles,2024-09-19,95,35
Chicago,2024-09-19,84,29
Chicago,2024-09-19,95,35
Chicago,2024-09-19,61,16
Houston,2024-09-19,95,35
Houston,2024-09-19,95,35
Houston,2024-09-19,75,24
Phoenix,2024-09-19,100,38
Phoenix,2024-09-19,82,28
Phoenix,2024-09-19,72,22
Philadelphia,2024-09-19,75,24
Philadelphia,2024-09-19,71,22
Philadelphia,2024-09-19,54,12
San Antonio,2024-09-19,55,13
San Antonio,2024-09-19,92,33
San Antonio,2024-09-19,66,19
New York,2024-09-20,54,12
New York,2024-09-20,98,37
New York,2024-09-20,66,19
Los Angeles,2024-09-20,62,17
Los Angeles,2024-09-20,83,28
Los Angeles,2024-09-20,56,13
Chicago,2024-09-20,65,18
Chicago,2024-09-20,57,14
Chicago,2024-09-20,80,27
Houston,2024-09-20,95,35
Houston,2024-09-20,84,29
Houston,2024-09-20,68,20
Phoenix,2024-09-20,57,14
Phoenix,2024-09-20,61,16
Phoenix,2024-09-20,73,23
Philadelphia,2024-09-20,86,30
Philadelphia,2024-09-20,98,37
Philadelphia,2024-09-20,85,29
San Antonio,2024-09-20,100,38
San Antonio,2024-09-20,90,32
San Antonio,2024-09-20,78,26
New York,2024-09-21,61,16
New York,2024-09-21,85,29
New York,2024-09-21,70,21
Los Angeles,2024-09-21,85,29
Los Angeles,2024-09-21,54,12
Los Angeles,2024-09-21,77,25
Chicago,2024-09-21,97,36
Chicago,2024-09-21,50,10
Chicago,2024-09-21,79,26
Houston,2024-09-21,56,13
Houston,2024-09-21,54,12
Houston,2024-09-21,67,19
Phoenix,2024-09-21,59,15
Phoenix,2024-09-21,53,12
Phoenix,2024-09-21,87,31
Philadelphia,2024-09-21,53,12
Philadelphia,2024-09-21,78,26
Philadelphia,2024-09-21,90,32
San Antonio,2024-09-21,71,22
San Antonio,2024-09-21,78,26
San Antonio,2024-09-21,98,37
New York,2024-09-22,86,30
New York,2024-09-22,56,13
New York,2024-09-22,94,34
Los Angeles,2024-09-22,79,26
Los Angeles,2024-09-22,89,32
Los Angeles,2024-09-22,80,27
Chicago,2024-09-22,80,27
Chicago,2024-09-22,94,34
Chicago,2024-09-22,82,28
Houston,2024-09-22,79,26
Houston,2024-09-22,80,27
Houston,2024-09-22,73,23
Phoenix,2024-09-22,83,28
Phoenix,2024-09-22,50,10
Phoenix,2024-09-22,83,28
Philadelphia,2024-09-22,75,24
Philadelphia,2024-09-22,57,14
Philadelphia,2024-09-22,92,33
San Antonio,2024-09-22,59,15
San Antonio,2024-09-22,93,34
San Antonio,2024-09-22,70,21
New York,2024-09-23,74,23
New York,2024-09-23,51,11
New York,2024-09-23,88,31
Los Angeles,2024-09-23,97,36
Los Angeles,2024-09-23,53,12
Los Angeles,2024-09-23,100,38
Chicago,2024-09-23,91,33
Chicago,2024-09-23,52,11
Chicago,2024-09-23,77,25
Houston,2024-09-23,61,16
Houston,2024-09-23,91,33
Houston,2024-09-23,90,32
Phoenix,2024-09-23,77,25
Phoenix,2024-09-23,71,22
Phoenix,2024-09-23,73,23
Philadelphia,2024-09-23,61,16
Philadelphia,2024-09-23,52,11
Philadelphia,2024-09-23,89,32
San Antonio,2024-09-23,100,38
San Antonio,2024-09-23,54,12
San Antonio,2024-09-23,58,14
New York,2024-09-24,54,12
New York,2024-09-24,61,16
New York,2024-09-24,88,31
Los Angeles,2024-09-24,63,17
Los Angeles,2024-09-24,85,29
Los Angeles,2024-09-24,96,36
Chicago,2024-09-24,95,35
Chicago,2024-09-24,63,17
Chicago,2024-09-24,79,26
Houston,2024-09-24,83,28
Houston,2024-09-24,92,33
Houston,2024-09-24,84,29
Phoenix,2024-09-24,98,37
Phoenix,2024-09-24,65,18
Phoenix,2024-09-24,86,30
Philadelphia,2024-09-24,67,19
Philadelphia,2024-09-24,99,37
Philadelphia,2024-09-24,61,16
San Antonio,2024-09-24,50,10
San Antonio,2024-09-24,100,38
San Antonio,2024-09-24,61,16
New York,2024-09-25,69,21
New York,2024-09-25,93,34
New York,2024-09-25,99,37
Los Angeles,2024-09-25,89,32
Los Angeles,2024-09-25,63,17
Los Angeles,2024-09-25,74,23
Chicago,2024-09-25,90,32
Chicago,2024-09-25,90,32
Chicago,2024-09-25,50,10
Houston,2024-09-25,51,11
Houston,2024-09-25,96,36
Houston,2024-09-25,84,29
Phoenix,2024-09-25,56,13
Phoenix,2024-09-25,95,35
Phoenix,2024-09-25,53,12
Philadelphia,2024-09-25,77,25
Philadelphia,2024-09-25,93,34
Philadelphia,2024-09-25,74,23
San Antonio,2024-09-25,91,33
San Antonio,2024-09-25,59,15
San Antonio,2024-09-25,74,23
New York,2024-09-26,99,37
New York,2024-09-26,50,10
New York,2024-09-26,98,37
Los Angeles,2024-09-26,68,20
Los Angeles,2024-09-26,87,31
Los Angeles,2024-09-26,96,36
Chicago,2024-09-26,99,37
Chicago,2024-09-26,51,11
Chicago,2024-09-26,81,27
Houston,2024-09-26,78,26
Houston,2024-09-26,53,12
Houston,2024-09-26,59,15
Phoenix,2024-09-26,77,25
Phoenix,2024-09-26,69,21
Phoenix,2024-09-26,99,37
Philadelphia,2024-09-26,68,20
Philadelphia,2024-09-26,72,22
Philadelphia,2024-09-26,70,21
San Antonio,2024-09-26,71,22
San Antonio,2024-09-26,83,28
San Antonio,2024-09-26,67,19
New York,2024-09-27,74,23
New York,2024-09-27,95,35
New York,2024-09-27,87,31
Los Angeles,2024-09-27,100,38
Los Angeles,2024-09-27,85,29
Los Angeles,2024-09-27,50,10
Chicago,2024-09-27,76,24
Chicago,2024-09-27,51,11
Chicago,2024-09-27,78,26
Houston,2024-09-27,92,33
Houston,2024-09-27,60,16
Houston,2024-09-27,55,13
Phoenix,2024-09-27,93,34
Phoenix,2024-09-27,73,23
Phoenix,2024-09-27,79,26
Philadelphia,2024-09-27,91,33
Philadelphia,2024-09-27,51,11
Philadelphia,2024-09-27,67,19
San Antonio,2024-09-27,85,29
San Antonio,2024-09-27,92,33
San Antonio,2024-09-27,60,16
New York,2024-09-28,81,27
New York,2024-09-28,76,24
New York,2024-09-28,60,16
Los Angeles,2024-09-28,83,28
Los Angeles,2024-09-28,59,15
Los Angeles,2024-09-28,60,16
Chicago,2024-09-28,67,19
Chicago,2024-09-28,55,13
Chicago,2024-09-28,99,37
Houston,2024-09-28,54,12
Houston,2024-09-28,72,22
Houston,2024-09-28,80,27
Phoenix,2024-09-28,81,27
Phoenix,2024-09-28,64,18
Phoenix,2024-09-28,96,36
Philadelphia,2024-09-28,63,17
Philadelphia,2024-09-28,86,30
Philadelphia,2024-09-28,75,24
San Antonio,2024-09-28,72,22
San Antonio,2024-09-28,70,21
San Antonio,2024-09-28,64,18
New York,2024-09-29,97,36
New York,2024-09-29,67,19
New York,2024-09-29,62,17
Los Angeles,2024-09-29,82,28
Los Angeles,2024-09-29,66,19
Los Angeles,2024-09-29,97,36
Chicago,2024-09-29,86,30
Chicago,2024-09-29,90,32
Chicago,2024-09-29,95,35
Houston,2024-09-29,85,29
Houston,2024-09-29,99,37
Houston,2024-09-29,56,13
Phoenix,2024-09-29,76,24
Phoenix,2024-09-29,66,19
Phoenix,2024-09-29,80,27
Philadelphia,2024-09-29,94,34
Philadelphia,2024-09-29,80,27
Philadelphia,2024-09-29,70,21
San Antonio,2024-09-29,88,31
San Antonio,2024-09-29,66,19
San Antonio,2024-09-29,95,35
New York,2024-09-30,93,34
New York,2024-09-30,96,36
New York,2024-09-30,81,27
Los Angeles,2024-09-30,63,17
Los Angeles,2024-09-30,72,22
Los Angeles,2024-09-30,81,27
Chicago,2024-09-30,78,26
Chicago,2024-09-30,86,30
Chicago,2024-09-30,70,21
Houston,2024-09-30,50,10
Houston,2024-09-30,68,20
Houston,2024-09-30,52,11
Phoenix,2024-09-30,89,32
Phoenix,2024-09-30,87,31
Phoenix,2024-09-30,53,12
Philadelphia,2024-09-30,64,18
Philadelphia,2024-09-30,95,35
Philadelphia,2024-09-30,94,34
San Antonio,2024-09-30,79,26
San Antonio,2024-09-30,88,31
San Antonio,2024-09-30,52,11
New York,2024-10-01,85,29
New York,2024-10-01,87,31
New York,2024-10-01,54,12
Los Angeles,2024-10-01,60,16
Los Angeles,2024-10-01,75,24
Los Angeles,2024-10-01,69,21
Chicago,2024-10-01,77,25
Chicago,2024-10-01,100,38
Chicago,2024-10-01,76,24
Houston,2024-10-01,95,35
Houston,2024-10-01,95,35
Houston,2024-10-01,85,29
Phoenix,2024-10-01,62,17
Phoenix,2024-10-01,80,27
Phoenix,2024-10-01,85,29
Philadelphia,2024-10-01,81,27
Philadelphia,2024-10-01,95,35
Philadelphia,2024-10-01,95,35
San Antonio,2024-10-01,58,14
San Antonio,2024-10-01,85,29
San Antonio,2024-10-01,98,37
New York,2024-10-02,90,32
New York,2024-10-02,78,26
New York,2024-10-02,91,33
Los Angeles,2024-10-02,76,24
Los Angeles,2024-10-02,57,14
Los Angeles,2024-10-02,63,17
Chicago,2024-10-02,77,25
Chicago,2024-10-02,86,30
Chicago,2024-10-02,93,34
Houston,2024-10-02,82,28
Houston,2024-10-02,60,16
Houston,2024-10-02,51,11
Phoenix,2024-10-02,63,17
Phoenix,2024-10-02,69,21
Phoenix,2024-10-02,93,34
Philadelphia,2024-10-02,77,25
Philadelphia,2024-10-02,94,34
Philadelphia,2024-10-02,62,17
San Antonio,2024-10-02,59,15
San Antonio,2024-10-02,99,37
San Antonio,2024-10-02,92,33
New York,2024-10-03,82,28
New York,2024-10-03,79,26
New York,2024-10-03,72,22
Los Angeles,2024-10-03,65,18
Los Angeles,2024-10-03,67,19
Los Angeles,2024-10-03,84,29
Chicago,2024-10-03,52,11
Chicago,2024-10-03,74,23
Chicago,2024-10-03,79,26
Houston,2024-10-03,91,33
Houston,2024-10-03,92,33
Houston,2024-10-03,76,24
Phoenix,2024-10-03,60,16
Phoenix,2024-10-03,74,23
Phoenix,2024-10-03,64,18
Philadelphia,2024-10-03,98,37
Philadelphia,2024-10-03,83,28
Philadelphia,2024-10-03,65,18
San Antonio,2024-10-03,64,18
San Antonio,2024-10-03,62,17
San Antonio,2024-10-03,53,12
New York,2024-10-04,97,36
New York,2024-10-04,63,17
New York,2024-10-04,79,26
Los Angeles,2024-10-04,71,22
Los Angeles,2024-10-04,91,33
Los Angeles,2024-10-04,63,17
Chicago,2024-10-04,82,28
Chicago,2024-10-04,82,28
Chicago,2024-10-04,65,18
Houston,2024-10-04,100,38
Houston,2024-10-04,56,13
Houston,2024-10-04,85,29
Phoenix,2024-10-04,71,22
Phoenix,2024-10-04,55,13
Phoenix,2024-10-04,68,20
Philadelphia,2024-10-04,79,26
Philadelphia,2024-10-04,57,14
Philadelphia,2024-10-04,70,21
San Antonio,2024-10-04,65,18
San Antonio,2024-10-04,52,11
San Antonio,2024-10-04,97,36
New York,2024-10-05,59,15
New York,2024-10-05,71,22
New York,2024-10-05,97,36
Los Angeles,2024-10-05,65,18
Los Angeles,2024-10-05,75,24
Los Angeles,2024-10-05,97,36
Chicago,2024-10-05,90,32
Chicago,2024-10-05,73,23
Chicago,2024-10-05,78,26
Houston,2024-10-05,87,31
Houston,2024-10-05,67,19
Houston,2024-10-05,52,11
Phoenix,2024-10-05,75,24
Phoenix,2024-10-05,56,13
Phoenix,2024-10-05,56,13
Philadelphia,2024-10-05,75,24
Philadelphia,2024-10-05,84,29
Philadelphia,2024-10-05,85,29
San Antonio,2024-10-05,61,16
San Antonio,2024-10-05,79,26
San Antonio,2024-10-05,92,33
New York,2024-10-06,63,17
New York,2024-10-06,64,18
New York,2024-10-06,62,17
Los Angeles,2024-10-06,75,24
Los Angeles,2024-10-06,97,36
Los Angeles,2024-10-06,81,27
Chicago,2024-10-06,73,23
Chicago,2024-10-06,50,10
Chicago,2024-10-06,55,13
Houston,2024-10-06,51,11
Houston,2024-10-06,88,31
Houston,2024-10-06,90,32
Phoenix,2024-10-06,66,19
Phoenix,2024-10-06,63,17
Phoenix,2024-10-06,58,14
Philadelphia,2024-10-06,79,26
Philadelphia,2024-10-06,98,37
Philadelphia,2024-10-06,79,26
San Antonio,2024-10-06,71,22
San Antonio,2024-10-06,52,11
San Antonio,2024-10-06,87,31
New York,2024-10-07,79,26
New York,2024-10-07,50,10
New York,2024-10-07,98,37
Los Angeles,2024-10-07,58,14
Los Angeles,2024-10-07,86,30
Los Angeles,2024-10-07,91,33
Chicago,2024-10-07,94,34
Chicago,2024-10-07,63,17
Chicago,2024-10-07,87,31
Houston,2024-10-07,76,24
Houston,2024-10-07,72,22
Houston,2024-10-07,100,38
Phoenix,2024-10-07,53,12
Phoenix,2024-10-07,87,31
Phoenix,2024-10-07,95,35
Philadelphia,2024-10-07,67,19
Philadelphia,2024-10-07,100,38
Philadelphia,2024-10-07,99,37
San Antonio,2024-10-07,73,23
San Antonio,2024-10-07,96,36
San Antonio,2024-10-07,77,25
New York,2024-10-08,56,13
New York,2024-10-08,51,11
New York,2024-10-08,93,34
Los Angeles,2024-10-08,51,11
Los Angeles,2024-10-08,86,30
Los Angeles,2024-10-08,65,18
Chicago,2024-10-08,89,32
Chicago,2024-10-08,95,35
Chicago,2024-10-08,60,16
Houston,2024-10-08,79,26
Houston,2024-10-08,94,34
Houston,2024-10-08,100,38
Phoenix,2024-10-08,93,34
Phoenix,2024-10-08,85,29
Phoenix,2024-10-08,79,26
Philadelphia,2024-10-08,69,21
Philadelphia,2024-10-08,67,19
Philadelphia,2024-10-08,95,35
San Antonio,2024-10-08,90,32
San Antonio,2024-10-08,54,12
San Antonio,2024-10-08,61,16
New York,2024-10-09,83,28
New York,2024-10-09,83,28
New York,2024-10-09,96,36
Los Angeles,2024-10-09,100,38
Los Angeles,2024-10-09,75,24
Los Angeles,2024-10-09,95,35
Chicago,2024-10-09,74,23
Chicago,2024-10-09,93,34
Chicago,2024-10-09,97,36
Houston,2024-10-09,74,23
Houston,2024-10-09,66,19
Houston,2024-10-09,65,18
Phoenix,2024-10-09,57,14
Phoenix,2024-10-09,67,19
Phoenix,2024-10-09,89,32
Philadelphia,2024-10-09,50,10
Philadelphia,2024-10-09,90,32
Philadelphia,2024-10-09,81,27
San Antonio,2024-10-09,94,34
San Antonio,2024-10-09,89,32
San Antonio,2024-10-09,51,11
New York,2024-10-10,91,33
New York,2024-10-10,58,14
New York,2024-10-10,79,26
Los Angeles,2024-10-10,74,23
Los Angeles,2024-10-10,73,23
Los Angeles,2024-10-10,55,13
Chicago,2024-10-10,84,29
Chicago,2024-10-10,78,26
Chicago,2024-10-10,60,16
Houston,2024-10-10,61,16
Houston,2024-10-10,54,12
Houston,2024-10-10,62,17
Phoenix,2024-10-10,60,16
Phoenix,2024-10-10,59,15
Phoenix,2024-10-10,92,33
Philadelphia,2024-10-10,75,24
Philadelphia,2024-10-10,50,10
Philadelphia,2024-10-10,96,36
San Antonio,2024-10-10,66,19
San Antonio,2024-10-10,75,24
San Antonio,2024-10-10,81,27
New York,2024-10-11,71,22
New York,2024-10-11,66,19
New York,2024-10-11,74,23
Los Angeles,2024-10-11,74,23
Los Angeles,2024-10-11,68,20
Los Angeles,2024-10-11,54,12
Chicago,2024-10-11,97,36
Chicago,2024-10-11,90,32
Chicago,2024-10-11,98,37
Houston,2024-10-11,74,23
Houston,2024-10-11,70,21
Houston,2024-10-11,55,13
Phoenix,2024-10-11,53,12
Phoenix,2024-10-11,100,38
Phoenix,2024-10-11,75,24
Philadelphia,2024-10-11,93,34
Philadelphia,2024-10-11,93,34
Philadelphia,2024-10-11,79,26
San Antonio,2024-10-11,55,13
San Antonio,2024-10-11,79,26
San Antonio,2024-10-11,59,15
New York,2024-10-12,88,31
New York,2024-10-12,55,13
New York,2024-10-12,100,38
Los Angeles,2024-10-12,97,36
Los Angeles,2024-10-12,96,36
Los Angeles,2024-10-12,68,20
Chicago,2024-10-12,50,10
Chicago,2024-10-12,99,37
Chicago,2024-10-12,96,36
Houston,2024-10-12,81,27
Houston,2024-10-12,82,28
Houston,2024-10-12,72,22
Phoenix,2024-10-12,79,26
Phoenix,2024-10-12,56,13
Phoenix,2024-10-12,98,37
Philadelphia,2024-10-12,93,34
Philadelphia,2024-10-12,58,14
Philadelphia,2024-10-12,98,37
San Antonio,2024-10-12,75,24
San Antonio,2024-10-12,60,16
San Antonio,2024-10-12,96,36
New York,2024-10-13,50,10
New York,2024-10-13,65,18
New York,2024-10-13,91,33
Los Angeles,2024-10-13,85,29
Los Angeles,2024-10-13,85,29
Los Angeles,2024-10-13,53,12
Chicago,2024-10-13,87,31
Chicago,2024-10-13,97,36
Chicago,2024-10-13,73,23
Houston,2024-10-13,55,13
Houston,2024-10-13,99,37
Houston,2024-10-13,93,34
Phoenix,2024-10-13,87,31
Phoenix,2024-10-13,61,16
Phoenix,2024-10-13,59,15
Philadelphia,2024-10-13,61,16
Philadelphia,2024-10-13,76,24
Philadelphia,2024-10-13,67,19
San Antonio,2024-10-13,64,18
San Antonio,2024-10-13,77,25
San Antonio,2024-10-13,59,15
New York,2024-10-14,75,24
New York,2024-10-14,95,35
New York,2024-10-14,92,33
Los Angeles,2024-10-14,93,34
Los Angeles,2024-10-14,84,29
Los Angeles,2024-10-14,63,17
Chicago,2024-10-14,60,16
Chicago,2024-10-14,54,12
Chicago,2024-10-14,77,25
Houston,2024-10-14,61,16
Houston,2024-10-14,85,29
Houston,2024-10-14,71,22
Phoenix,2024-10-14,72,22
Phoenix,2024-10-14,90,32
Phoenix,2024-10-14,88,31
Philadelphia,2024-10-14,69,21
Philadelphia,2024-10-14,64,18
Philadelphia,2024-10-14,91,33
San Antonio,2024-10-14,69,21
San Antonio,2024-10-14,81,27
San Antonio,2024-10-14,58,14
New York,2024-10-15,59,15
New York,2024-10-15,95,35
New York,2024-10-15,61,16
Los Angeles,2024-10-15,72,22
Los Angeles,2024-10-15,100,38
Los Angeles,2024-10-15,66,19
Chicago,2024-10-15,98,37
Chicago,2024-10-15,82,28
Chicago,2024-10-15,82,28
Houston,2024-10-15,90,32
Houston,2024-10-15,57,14
Houston,2024-10-15,72,22
Phoenix,2024-10-15,68,20
Phoenix,2024-10-15,57,14
Phoenix,2024-10-15,64,18
Philadelphia,2024-10-15,61,16
Philadelphia,2024-10-15,92,33
Philadelphia,2024-10-15,73,23
San Antonio,2024-10-15,96,36
San Antonio,2024-10-15,79,26
San Antonio,2024-10-15,68,20
New York,2024-10-16,93,34
New York,2024-10-16,82,28
New York,2024-10-16,74,23
Los Angeles,2024-10-16,90,32
Los Angeles,2024-10-16,70,21
Los Angeles,2024-10-16,97,36
Chicago,2024-10-16,79,26
Chicago,2024-10-16,51,11
Chicago,2024-10-16,53,12
Houston,2024-10-16,78,26
Houston,2024-10-16,58,14
Houston,2024-10-16,97,36
Phoenix,2024-10-16,99,37
Phoenix,2024-10-16,75,24
Phoenix,2024-10-16,70,21
Philadelphia,2024-10-16,54,12
Philadelphia,2024-10-16,63,17
Philadelphia,2024-10-16,80,27
San Antonio,2024-10-16,79,26
San Antonio,2024-10-16,93,34
San Antonio,2024-10-16,82,28
New York,2024-10-17,81,27
New York,2024-10-17,64,18
New York,2024-10-17,53,12
Los Angeles,2024-10-17,68,20
Los Angeles,2024-10-17,54,12
Los Angeles,2024-10-17,75,24
Chicago,2024-10-17,82,28
Chicago,2024-10-17,59,15
Chicago,2024-10-17,57,14
Houston,2024-10-17,100,38
Houston,2024-10-17,57,14
Houston,2024-10-17,98,37
Phoenix,2024-10-17,66,19
Phoenix,2024-10-17,84,29
Phoenix,2024-10-17,67,19
Philadelphia,2024-10-17,73,23
Philadelphia,2024-10-17,73,23
Philadelphia,2024-10-17,66,19
San Antonio,2024-10-17,68,20
San Antonio,2024-10-17,55,13
San Antonio,2024-10-17,64,18
New York,2024-10-18,94,34
New York,2024-10-18,80,27
New York,2024-10-18,63,17
Los Angeles,2024-10-18,100,38
Los Angeles,2024-10-18,97,36
Los Angeles,2024-10-18,70,21
Chicago,2024-10-18,69,21
Chicago,2024-10-18,56,13
Chicago,2024-10-18,68,20
Houston,2024-10-18,76,24
Houston,2024-10-18,93,34
Houston,2024-10-18,66,19
Phoenix,2024-10-18,63,17
Phoenix,2024-10-18,74,23
Phoenix,2024-10-18,55,13
Philadelphia,2024-10-18,96,36
Philadelphia,2024-10-18,99,37
Philadelphia,2024-10-18,87,31
San Antonio,2024-10-18,91,33
San Antonio,2024-10-18,97,36
San Antonio,2024-10-18,64,18
New York,2024-10-19,56,13
New York,2024-10-19,57,14
New York,2024-10-19,57,14
Los Angeles,2024-10-19,78,26
Los Angeles,2024-10-19,66,19
Los Angeles,2024-10-19,91,33
Chicago,2024-10-19,88,31
Chicago,2024-10-19,91,33
Chicago,2024-10-19,56,13
Houston,2024-10-19,96,36
Houston,2024-10-19,80,27
Houston,2024-10-19,54,12
Phoenix,2024-10-19,53,12
Phoenix,2024-10-19,51,11
Phoenix,2024-10-19,65,18
Philadelphia,2024-10-19,72,22
Philadelphia,2024-10-19,69,21
Philadelphia,2024-10-19,58,14
San Antonio,2024-10-19,53,12
San Antonio,2024-10-19,95,35
San Antonio,2024-10-19,67,19
New York,2024-10-20,97,36
New York,2024-10-20,83,28
New York,2024-10-20,100,38
Los Angeles,2024-10-20,98,37
Los Angeles,2024-10-20,57,14
Los Angeles,2024-10-20,76,24
Chicago,2024-10-20,81,27
Chicago,2024-10-20,69,21
Chicago,2024-10-20,70,21
Houston,2024-10-20,84,29
Houston,2024-10-20,63,17
Houston,2024-10-20,53,12
Phoenix,2024-10-20,92,33
Phoenix,2024-10-20,96,36
Phoenix,2024-10-20,85,29
Philadelphia,2024-10-20,99,37
Philadelphia,2024-10-20,66,19
Philadelphia,2024-10-20,54,12
San Antonio,2024-10-20,67,19
San Antonio,2024-10-20,69,21
San Antonio,2024-10-20,73,23
New York,2024-10-21,85,29
New York,2024-10-21,63,17
New York,2024-10-21,75,24
Los Angeles,2024-10-21,79,26
Los Angeles,2024-10-21,79,26
Los Angeles,2024-10-21,97,36
Chicago,2024-10-21,66,19
Chicago,2024-10-21,64,18
Chicago,2024-10-21,66,19
Houston,2024-10-21,75,24
Houston,2024-10-21,81,27
Houston,2024-10-21,66,19
Phoenix,2024-10-21,67,19
Phoenix,2024-10-21,100,38
Phoenix,2024-10-21,67,19
Philadelphia,2024-10-21,56,13
Philadelphia,2024-10-21,57,14
Philadelphia,2024-10-21,84,29
San Antonio,2024-10-21,65,18
San Antonio,2024-10-21,76,24
San Antonio,2024-10-21,61,16
New York,2024-10-22,74,23
New York,2024-10-22,78,26
New York,2024-10-22,62,17
Los Angeles,2024-10-22,92,33
Los Angeles,2024-10-22,79,26
Los Angeles,2024-10-22,54,12
Chicago,2024-10-22,54,12
Chicago,2024-10-22,75,24
Chicago,2024-10-22,74,23
Houston,2024-10-22,75,24
Houston,2024-10-22,87,31
Houston,2024-10-22,65,18
Phoenix,2024-10-22,77,25
Phoenix,2024-10-22,54,12
Phoenix,2024-10-22,69,21
Philadelphia,2024-10-22,51,11
Philadelphia,2024-10-22,90,32
Philadelphia,2024-10-22,65,18
San Antonio,2024-10-22,98,37
San Antonio,2024-10-22,72,22
San Antonio,2024-10-22,68,20
New York,2024-10-23,59,15
New York,2024-10-23,96,36
New York,2024-10-23,99,37
Los Angeles,2024-10-23,69,21
Los Angeles,2024-10-23,57,14
Los Angeles,2024-10-23,81,27
Chicago,2024-10-23,98,37
Chicago,2024-10-23,64,18
Chicago,2024-10-23,83,28
Houston,2024-10-23,50,10
Houston,2024-10-23,69,21
Houston,2024-10-23,93,34
Phoenix,2024-10-23,63,17
Phoenix,2024-10-23,69,21
Phoenix,2024-10-23,93,34
Philadelphia,2024-10-23,88,31
Philadelphia,2024-10-23,53,12
Philadelphia,2024-10-23,89,32
San Antonio,2024-10-23,51,11
San Antonio,2024-10-23,67,19
San Antonio,2024-10-23,52,11
New York,2024-10-24,87,31
New York,2024-10-24,94,34
New York,2024-10-24,96,36
Los Angeles,2024-10-24,57,14
Los Angeles,2024-10-24,52,11
Los Angeles,2024-10-24,73,23
Chicago,2024-10-24,56,13
Chicago,2024-10-24,78,26
Chicago,2024-10-24,60,16
Houston,2024-10-24,78,26
Houston,2024-10-24,98,37
Houston,2024-10-24,81,27
Phoenix,2024-10-24,67,19
Phoenix,2024-10-24,93,34
Phoenix,2024-10-24,98,37
Philadelphia,2024-10-24,77,25
Philadelphia,2024-10-24,60,16
Philadelphia,2024-10-24,52,11
San Antonio,2024-10-24,64,18
San Antonio,2024-10-24,97,36
San Antonio,2024-10-24,57,14
New York,2024-10-25,63,17
New York,2024-10-25,71,22
New York,2024-10-25,68,20
Los Angeles,2024-10-25,99,37
Los Angeles,2024-10-25,79,26
Los Angeles,2024-10-25,58,14
Chicago,2024-10-25,100,38
Chicago,2024-10-25,58,14
Chicago,2024-10-25,61,16
Houston,2024-10-25,96,36
Houston,2024-10-25,78,26
Houston,2024-10-25,56,13
Phoenix,2024-10-25,58,14
Phoenix,2024-10-25,88,31
Phoenix,2024-10-25,93,34
Philadelphia,2024-10-25,95,35
Philadelphia,2024-10-25,56,13
Philadelphia,2024-10-25,83,28
San Antonio,2024-10-25,86,30
San Antonio,2024-10-25,55,13
San Antonio,2024-10-25,70,21
New York,2024-10-26,50,10
New York,2024-10-26,61,16
New York,2024-10-26,98,37
Los Angeles,2024-10-26,68,20
Los Angeles,2024-10-26,72,22
Los Angeles,2024-10-26,78,26
Chicago,2024-10-26,54,12
Chicago,2024-10-26,92,33
Chicago,2024-10-26,57,14
Houston,2024-10-26,92,33
Houston,2024-10-26,78,26
Houston,2024-10-26,77,25
Phoenix,2024-10-26,77,25
Phoenix,2024-10-26,70,21
Phoenix,2024-10-26,85,29
Philadelphia,2024-10-26,93,34
Philadelphia,2024-10-26,68,20
Philadelphia,2024-10-26,61,16
San Antonio,2024-10-26,74,23
San Antonio,2024-10-26,80,27
San Antonio,2024-10-26,58,14
New York,2024-10-27,60,16
New York,2024-10-27,72,22
New York,2024-10-27,59,15
Los Angeles,2024-10-27,77,25
Los Angeles,2024-10-27,85,29
Los Angeles,2024-10-27,89,32
Chicago,2024-10-27,74,23
Chicago,2024-10-27,95,35
Chicago,2024-10-27,60,16
Houston,2024-10-27,81,27
Houston,2024-10-27,73,23
Houston,2024-10-27,82,28
Phoenix,2024-10-27,53,12
Phoenix,2024-10-27,82,28
Phoenix,2024-10-27,70,21
Philadelphia,2024-10-27,63,17
Philadelphia,2024-10-27,66,19
Philadelphia,2024-10-27,91,33
San Antonio,2024-10-27,68,20
San Antonio,2024-10-27,84,29
San Antonio,2024-10-27,64,18
New York,2024-10-28,76,24
New York,2024-10-28,79,26
New York,2024-10-28,65,18
Los Angeles,2024-10-28,56,13
Los Angeles,2024-10-28,96,36
Los Angeles,2024-10-28,76,24
Chicago,2024-10-28,85,29
Chicago,2024-10-28,51,11
Chicago,2024-10-28,55,13
Houston,2024-10-28,55,13
Houston,2024-10-28,62,17
Houston,2024-10-28,76,24
Phoenix,2024-10-28,70,21
Phoenix,2024-10-28,74,23
Phoenix,2024-10-28,74,23
Philadelphia,2024-10-28,65,18
Philadelphia,2024-10-28,85,29
Philadelphia,2024-10-28,80,27
San Antonio,2024-10-28,74,23
San Antonio,2024-10-28,72,22
San Antonio,2024-10-28,58,14
New York,2024-10-29,62,17
New York,2024-10-29,73,23
New York,2024-10-29,86,30
Los Angeles,2024-10-29,85,29
Los Angeles,2024-10-29,83,28
Los Angeles,2024-10-29,84,29
Chicago,2024-10-29,56,13
Chicago,2024-10-29,72,22
Chicago,2024-10-29,98,37
Houston,2024-10-29,54,12
Houston,2024-10-29,73,23
Houston,2024-10-29,96,36
Phoenix,2024-10-29,57,14
Phoenix,2024-10-29,88,31
Phoenix,2024-10-29,87,31
Philadelphia,2024-10-29,68,20
Philadelphia,2024-10-29,69,21
Philadelphia,2024-10-29,87,31
San Antonio,2024-10-29,90,32
San Antonio,2024-10-29,67,19
San Antonio,2024-10-29,76,24
New York,2024-10-30,65,18
New York,2024-10-30,91,33
New York,2024-10-30,75,24
Los Angeles,2024-10-30,61,16
Los Angeles,2024-10-30,85,29
Los Angeles,2024-10-30,66,19
Chicago,2024-10-30,54,12
Chicago,2024-10-30,75,24
Chicago,2024-10-30,81,27
Houston,2024-10-30,97,36
Houston,2024-10-30,61,16
Houston,2024-10-30,72,22
Phoenix,2024-10-30,53,12
Phoenix,2024-10-30,96,36
Phoenix,2024-10-30,61,16
Philadelphia,2024-10-30,97,36
Philadelphia,2024-10-30,83,28
Philadelphia,2024-10-30,67,19
San Antonio,2024-10-30,73,23
San Antonio,2024-10-30,90,32
San Antonio,2024-10-30,61,16
New York,2024-10-31,65,18
New York,2024-10-31,55,13
New York,2024-10-31,85,29
Los Angeles,2024-10-31,84,29
Los Angeles,2024-10-31,67,19
Los Angeles,2024-10-31,93,34
Chicago,2024-10-31,54,12
Chicago,2024-10-31,77,25
Chicago,2024-10-31,83,28
Houston,2024-10-31,70,21
Houston,2024-10-31,83,28
Houston,2024-10-31,65,18
Phoenix,2024-10-31,66,19
Phoenix,2024-10-31,85,29
Phoenix,2024-10-31,74,23
Philadelphia,2024-10-31,85,29
Philadelphia,2024-10-31,75,24
Philadelphia,2024-10-31,80,27
San Antonio,2024-10-31,74,23
San Antonio,2024-10-31,50,10
San Antonio,2024-10-31,77,25
New York,2024-11-01,88,31
New York,2024-11-01,69,21
New York,2024-11-01,61,16
Los Angeles,2024-11-01,50,10
Los Angeles,2024-11-01,63,17
Los Angeles,2024-11-01,77,25
Chicago,2024-11-01,90,32
Chicago,2024-11-01,83,28
Chicago,2024-11-01,93,34
Houston,2024-11-01,93,34
Houston,2024-11-01,65,18
Houston,2024-11-01,80,27
Phoenix,2024-11-01,79,26
Phoenix,2024-11-01,85,29
Phoenix,2024-11-01,66,19
Philadelphia,2024-11-01,90,32
Philadelphia,2024-11-01,51,11
Philadelphia,2024-11-01,99,37
San Antonio,2024-11-01,56,13
San Antonio,2024-11-01,63,17
San Antonio,2024-11-01,66,19
New York,2024-11-02,68,20
New York,2024-11-02,61,16
New York,2024-11-02,90,32
Los Angeles,2024-11-02,61,16
Los Angeles,2024-11-02,84,29
Los Angeles,2024-11-02,80,27
Chicago,2024-11-02,73,23
Chicago,2024-11-02,77,25
Chicago,2024-11-02,66,19
Houston,2024-11-02,84,29
Houston,2024-11-02,91,33
Houston,2024-11-02,70,21
Phoenix,2024-11-02,67,19
Phoenix,2024-11-02,100,38
Phoenix,2024-11-02,63,17
Philadelphia,2024-11-02,61,16
Philadelphia,2024-11-02,97,36
Philadelphia,2024-11-02,80,27
San Antonio,2024-11-02,64,18
San Antonio,2024-11-02,73,23
San Antonio,2024-11-02,92,33
New York,2024-11-03,89,32
New York,2024-11-03,61,16
New York,2024-11-03,85,29
Los Angeles,2024-11-03,92,33
Los Angeles,2024-11-03,79,26
Los Angeles,2024-11-03,92,33
Chicago,2024-11-03,83,28
Chicago,2024-11-03,67,19
Chicago,2024-11-03,84,29
Houston,2024-11-03,58,14
Houston,2024-11-03,51,11
Houston,2024-11-03,93,34
Phoenix,2024-11-03,57,14
Phoenix,2024-11-03,89,32
Phoenix,2024-11-03,68,20
Philadelphia,2024-11-03,92,33
Philadelphia,2024-11-03,88,31
Philadelphia,2024-11-03,98,37
San Antonio,2024-11-03,89,32
San Antonio,2024-11-03,54,12
San Antonio,2024-11-03,64,18
New York,2024-11-04,85,29
New York,2024-11-04,87,31
New York,2024-11-04,98,37
Los Angeles,2024-11-04,73,23
Los Angeles,2024-11-04,100,38
Los Angeles,2024-11-04,87,31
Chicago,2024-11-04,86,30
Chicago,2024-11-04,86,30
Chicago,2024-11-04,51,11
Houston,2024-11-04,69,21
Houston,2024-11-04,67,19
Houston,2024-11-04,56,13
Phoenix,2024-11-04,63,17
Phoenix,2024-11-04,68,20
Phoenix,2024-11-04,54,12
Philadelphia,2024-11-04,74,23
Philadelphia,2024-11-04,70,21
Philadelphia,2024-11-04,56,13
San Antonio,2024-11-04,100,38
San Antonio,2024-11-04,91,33
San Antonio,2024-11-04,80,27
New York,2024-11-05,82,28
New York,2024-11-05,96,36
New York,2024-11-05,50,10
Los Angeles,2024-11-05,60,16
Los Angeles,2024-11-05,61,16
Los Angeles,2024-11-05,58,14
Chicago,2024-11-05,50,10
Chicago,2024-11-05,54,12
Chicago,2024-11-05,53,12
Houston,2024-11-05,78,26
Houston,2024-11-05,88,31
Houston,2024-11-05,62,17
Phoenix,2024-11-05,75,24
Phoenix,2024-11-05,69,21
Phoenix,2024-11-05,87,31
Philadelphia,2024-11-05,53,12
Philadelphia,2024-11-05,97,36
Philadelphia,2024-11-05,62,17
San Antonio,2024-11-05,51,11
San Antonio,2024-11-05,50,10
San Antonio,2024-11-05,91,33
New York,2024-11-06,84,29
New York,2024-11-06,60,16
New York,2024-11-06,62,17
Los Angeles,2024-11-06,70,21
Los Angeles,2024-11-06,54,12
Los Angeles,2024-11-06,83,28
Chicago,2024-11-06,97,36
Chicago,2024-11-06,92,33
Chicago,2024-11-06,95,35
Houston,2024-11-06,55,13
Houston,2024-11-06,50,10
Houston,2024-11-06,85,29
Phoenix,2024-11-06,76,24
Phoenix,2024-11-06,91,33
Phoenix,2024-11-06,87,31
Philadelphia,2024-11-06,82,28
Philadelphia,2024-11-06,72,22
Philadelphia,2024-11-06,57,14
San Antonio,2024-11-06,92,33
San Antonio,2024-11-06,50,10
San Antonio,2024-11-06,69,21
New York,2024-11-07,74,23
New York,2024-11-07,85,29
New York,2024-11-07,62,17
Los Angeles,2024-11-07,53,12
Los Angeles,2024-11-07,99,37
Los Angeles,2024-11-07,79,26
Chicago,2024-11-07,86,30
Chicago,2024-11-07,92,33
Chicago,2024-11-07,77,25
Houston,2024-11-07,69,21
Houston,2024-11-07,96,36
Houston,2024-11-07,75,24
Phoenix,2024-11-07,78,26
Phoenix,2024-11-07,82,28
Phoenix,2024-11-07,59,15
Philadelphia,2024-11-07,51,11
Philadelphia,2024-11-07,62,17
Philadelphia,2024-11-07,86,30
San Antonio,2024-11-07,50,10
San Antonio,2024-11-07,68,20
San Antonio,2024-11-07,71,22
New York,2024-11-08,85,29
New York,2024-11-08,74,23
New York,2024-11-08,63,17
Los Angeles,2024-11-08,60,16
Los Angeles,2024-11-08,50,10
Los Angeles,2024-11-08,58,14
Chicago,2024-11-08,83,28
Chicago,2024-11-08,61,16
Chicago,2024-11-08,85,29
Houston,2024-11-08,66,19
Houston,2024-11-08,55,13
Houston,2024-11-08,58,14
Phoenix,2024-11-08,61,16
Phoenix,2024-11-08,55,13
Phoenix,2024-11-08,75,24
Philadelphia,2024-11-08,62,17
Philadelphia,2024-11-08,50,10
Philadelphia,2024-11-08,93,34
San Antonio,2024-11-08,95,35
San Antonio,2024-11-08,73,23
San Antonio,2024-11-08,55,13
New York,2024-11-09,58,14
New York,2024-11-09,90,32
New York,2024-11-09,89,32
Los Angeles,2024-11-09,75,24
Los Angeles,2024-11-09,76,24
Los Angeles,2024-11-09,63,17
Chicago,2024-11-09,64,18
Chicago,2024-11-09,67,19
Chicago,2024-11-09,68,20
Houston,2024-11-09,67,19
Houston,2024-11-09,78,26
Houston,2024-11-09,61,16
Phoenix,2024-11-09,94,34
Phoenix,2024-11-09,97,36
Phoenix,2024-11-09,56,13
Philadelphia,2024-11-09,57,14
Philadelphia,2024-11-09,58,14
Philadelphia,2024-11-09,97,36
San Antonio,2024-11-09,50,10
San Antonio,2024-11-09,83,28
San Antonio,2024-11-09,71,22
New York,2024-11-10,88,31
New York,2024-11-10,96,36
New York,2024-11-10,65,18
Los Angeles,2024-11-10,64,18
Los Angeles,2024-11-10,94,34
Los Angeles,2024-11-10,67,19
Chicago,2024-11-10,56,13
Chicago,2024-11-10,78,26
Chicago,2024-11-10,82,28
Houston,2024-11-10,96,36
Houston,2024-11-10,64,18
Houston,2024-11-10,70,21
Phoenix,2024-11-10,78,26
Phoenix,2024-11-10,100,38
Phoenix,2024-11-10,55,13
Philadelphia,2024-11-10,92,33
Philadelphia,2024-11-10,59,15
Philadelphia,2024-11-10,90,32
San Antonio,2024-11-10,100,38
San Antonio,2024-11-10,62,17
San Antonio,2024-11-10,69,21
New York,2024-11-11,63,17
New York,2024-11-11,77,25
New York,2024-11-11,89,32
Los Angeles,2024-11-11,51,11
Los Angeles,2024-11-11,53,12
Los Angeles,2024-11-11,89,32
Chicago,2024-11-11,79,26
Chicago,2024-11-11,93,34
Chicago,2024-11-11,59,15
Houston,2024-11-11,51,11
Houston,2024-11-11,60,16
Houston,2024-11-11,62,17
Phoenix,2024-11-11,85,29
Phoenix,2024-11-11,66,19
Phoenix,2024-11-11,51,11
Philadelphia,2024-11-11,91,33
Philadelphia,2024-11-11,72,22
Philadelphia,2024-11-11,64,18
San Antonio,2024-11-11,60,16
San Antonio,2024-11-11,84,29
San Antonio,2024-11-11,96,36
New York,2024-11-12,81,27
New York,2024-11-12,89,32
New York,2024-11-12,62,17
Los Angeles,2024-11-12,73,23
Los Angeles,2024-11-12,91,33
Los Angeles,2024-11-12,72,22
Chicago,2024-11-12,66,19
Chicago,2024-11-12,78,26
Chicago,2024-11-12,53,12
Houston,2024-11-12,61,16
Houston,2024-11-12,74,23
Houston,2024-11-12,92,33
Phoenix,2024-11-12,85,29
Phoenix,2024-11-12,83,28
Phoenix,2024-11-12,95,35
Philadelphia,2024-11-12,85,29
Philadelphia,2024-11-12,68,20
Philadelphia,2024-11-12,76,24
San Antonio,2024-11-12,65,18
San Antonio,2024-11-12,86,30
San Antonio,2024-11-12,52,11
New York,2024-11-13,57,14
New York,2024-11-13,70,21
New York,2024-11-13,52,11
Los Angeles,2024-11-13,76,24
Los Angeles,2024-11-13,59,15
Los Angeles,2024-11-13,82,28
Chicago,2024-11-13,84,29
Chicago,2024-11-13,72,22
Chicago,2024-11-13,77,25
Houston,2024-11-13,94,34
Houston,2024-11-13,92,33
Houston,2024-11-13,97,36
Phoenix,2024-11-13,98,37
Phoenix,2024-11-13,89,32
Phoenix,2024-11-13,58,14
Philadelphia,2024-11-13,54,12
Philadelphia,2024-11-13,100,38
Philadelphia,2024-11-13,98,37
San Antonio,2024-11-13,87,31
San Antonio,2024-11-13,75,24
San Antonio,2024-11-13,83,28
New York,2024-11-14,75,24
New York,2024-11-14,78,26
New York,2024-11-14,73,23
Los Angeles,2024-11-14,87,31
Los Angeles,2024-11-14,55,13
Los Angeles,2024-11-14,90,32
Chicago,2024-11-14,74,23
Chicago,2024-11-14,56,13
Chicago,2024-11-14,93,34
Houston,2024-11-14,77,25
Houston,2024-11-14,88,31
Houston,2024-11-14,64,18
Phoenix,2024-11-14,59,15
Phoenix,2024-11-14,85,29
Phoenix,2024-11-14,54,12
Philadelphia,2024-11-14,98,37
Philadelphia,2024-11-14,100,38
Philadelphia,2024-11-14,91,33
San Antonio,2024-11-14,94,34
San Antonio,2024-11-14,76,24
San Antonio,2024-11-14,93,34
New York,2024-11-15,77,25
New York,2024-11-15,57,14
New York,2024-11-15,74,23
Los Angeles,2024-11-15,75,24
Los Angeles,2024-11-15,74,23
Los Angeles,2024-11-15,61,16
Chicago,2024-11-15,86,30
Chicago,2024-11-15,78,26
Chicago,2024-11-15,61,16
Houston,2024-11-15,80,27
Houston,2024-11-15,60,16
Houston,2024-11-15,71,22
Phoenix,2024-11-15,80,27
Phoenix,2024-11-15,53,12
Phoenix,2024-11-15,61,16
Philadelphia,2024-11-15,87,31
Philadelphia,2024-11-15,69,21
Philadelphia,2024-11-15,86,30
San Antonio,2024-11-15,99,37
San Antonio,2024-11-15,51,11
San Antonio,2024-11-15,50,10
New York,2024-11-16,77,25
New York,2024-11-16,51,11
New York,2024-11-16,87,31
Los Angeles,2024-11-16,87,31
Los Angeles,2024-11-16,57,14
Los Angeles,2024-11-16,78,26
Chicago,2024-11-16,79,26
Chicago,2024-11-16,55,13
Chicago,2024-11-16,53,12
Houston,2024-11-16,62,17
Houston,2024-11-16,88,31
Houston,2024-11-16,52,11
Phoenix,2024-11-16,63,17
Phoenix,2024-11-16,92,33
Phoenix,2024-11-16,62,17
Philadelphia,2024-11-16,55,13
Philadelphia,2024-11-16,66,19
Philadelphia,2024-11-16,100,38
San Antonio,2024-11-16,71,22
San Antonio,2024-11-16,80,27
San Antonio,2024-11-16,96,36
New York,2024-11-17,82,28
New York,2024-11-17,96,36
New York,2024-11-17,74,23
Los Angeles,2024-11-17,78,26
Los Angeles,2024-11-17,55,13
Los Angeles,2024-11-17,83,28
Chicago,2024-11-17,80,27
Chicago,2024-11-17,94,34
Chicago,2024-11-17,88,31
Houston,2024-11-17,88,31
Houston,2024-11-17,98,37
Houston,2024-11-17,51,11
Phoenix,2024-11-17,74,23
Phoenix,2024-11-17,52,11
Phoenix,2024-11-17,69,21
Philadelphia,2024-11-17,57,14
Philadelphia,2024-11-17,100,38
Philadelphia,2024-11-17,83,28
San Antonio,2024-11-17,52,11
San Antonio,2024-11-17,58,14
San Antonio,2024-11-17,88,31
New York,2024-11-18,89,32
New York,2024-11-18,63,17
New York,2024-11-18,68,20
Los Angeles,2024-11-18,93,34
Los Angeles,2024-11-18,98,37
Los Angeles,2024-11-18,78,26
Chicago,2024-11-18,93,34
Chicago,2024-11-18,94,34
Chicago,2024-11-18,98,37
Houston,2024-11-18,90,32
Houston,2024-11-18,58,14
Houston,2024-11-18,61,16
Phoenix,2024-11-18,76,24
Phoenix,2024-11-18,56,13
Phoenix,2024-11-18,79,26
Philadelphia,2024-11-18,74,23
Philadelphia,2024-11-18,91,33
Philadelphia,2024-11-18,68,20
San Antonio,2024-11-18,98,37
San Antonio,2024-11-18,76,24
San Antonio,2024-11-18,86,30
New York,2024-11-19,77,25
New York,2024-11-19,80,27
New York,2024-11-19,89,32
Los Angeles,2024-11-19,79,26
Los Angeles,2024-11-19,58,14
Los Angeles,2024-11-19,72,22
Chicago,2024-11-19,93,34
Chicago,2024-11-19,58,14
Chicago,2024-11-19,71,22
Houston,2024-11-19,52,11
Houston,2024-11-19,78,26
Houston,2024-11-19,82,28
Phoenix,2024-11-19,50,10
Phoenix,2024-11-19,52,11
Phoenix,2024-11-19,71,22
Philadelphia,2024-11-19,70,21
Philadelphia,2024-11-19,93,34
Philadelphia,2024-11-19,85,29
San Antonio,2024-11-19,78,26
San Antonio,2024-11-19,94,34
San Antonio,2024-11-19,55,13
New York,2024-11-20,67,19
New York,2024-11-20,53,12
New York,2024-11-20,73,23
Los Angeles,2024-11-20,63,17
Los Angeles,2024-11-20,71,22
Los Angeles,2024-11-20,61,16
Chicago,2024-11-20,54,12
Chicago,2024-11-20,57,14
Chicago,2024-11-20,70,21
Houston,2024-11-20,98,37
Houston,2024-11-20,74,23
Houston,2024-11-20,66,19
Phoenix,2024-11-20,87,31
Phoenix,2024-11-20,58,14
Phoenix,2024-11-20,80,27
Philadelphia,2024-11-20,54,12
Philadelphia,2024-11-20,72,22
Philadelphia,2024-11-20,74,23
San Antonio,2024-11-20,65,18
San Antonio,2024-11-20,68,20
San Antonio,2024-11-20,82,28
New York,2024-11-21,61,16
New York,2024-11-21,89,32
New York,2024-11-21,89,32
Los Angeles,2024-11-21,67,19
Los Angeles,2024-11-21,60,16
Los Angeles,2024-11-21,68,20
Chicago,2024-11-21,52,11
Chicago,2024-11-21,68,20
Chicago,2024-11-21,91,33
Houston,2024-11-21,66,19
Houston,2024-11-21,56,13
Houston,2024-11-21,63,17
Phoenix,2024-11-21,98,37
Phoenix,2024-11-21,85,29
Phoenix,2024-11-21,83,28
Philadelphia,2024-11-21,84,29
Philadelphia,2024-11-21,53,12
Philadelphia,2024-11-21,53,12
San Antonio,2024-11-21,87,31
San Antonio,2024-11-21,85,29
San Antonio,2024-11-21,50,10
New York,2024-11-22,78,26
New York,2024-11-22,51,11
New York,2024-11-22,60,16
Los Angeles,2024-11-22,61,16
Los Angeles,2024-11-22,53,12
Los Angeles,2024-11-22,62,17
Chicago,2024-11-22,79,26
Chicago,2024-11-22,63,17
Chicago,2024-11-22,69,21
Houston,2024-11-22,75,24
Houston,2024-11-22,59,15
Houston,2024-11-22,58,14
Phoenix,2024-11-22,78,26
Phoenix,2024-11-22,100,38
Phoenix,2024-11-22,70,21
Philadelphia,2024-11-22,65,18
Philadelphia,2024-11-22,78,26
Philadelphia,2024-11-22,79,26
San Antonio,2024-11-22,78,26
San Antonio,2024-11-22,55,13
San Antonio,2024-11-22,52,11
New York,2024-11-23,91,33
New York,2024-11-23,63,17
New York,2024-11-23,54,12
Los Angeles,2024-11-23,79,26
Los Angeles,2024-11-23,74,23
Los Angeles,2024-11-23,54,12
Chicago,2024-11-23,77,25
Chicago,2024-11-23,51,11
Chicago,2024-11-23,82,28
Houston,2024-11-23,85,29
Houston,2024-11-23,63,17
Houston,2024-11-23,58,14
Phoenix,2024-11-23,56,13
Phoenix,2024-11-23,58,14
Phoenix,2024-11-23,95,35
Philadelphia,2024-11-23,58,14
Philadelphia,2024-11-23,50,10
Philadelphia,2024-11-23,66,19
San Antonio,2024-11-23,88,31
San Antonio,2024-11-23,65,18
San Antonio,2024-11-23,55,13
New York,2024-11-24,83,28
New York,2024-11-24,54,12
New York,2024-11-24,58,14
Los Angeles,2024-11-24,91,33
Los Angeles,2024-11-24,93,34
Los Angeles,2024-11-24,50,10
Chicago,2024-11-24,96,36
Chicago,2024-11-24,75,24
Chicago,2024-11-24,87,31
Houston,2024-11-24,68,20
Houston,2024-11-24,63,17
Houston,2024-11-24,57,14
Phoenix,2024-11-24,70,21
Phoenix,2024-11-24,76,24
Phoenix,2024-11-24,86,30
Philadelphia,2024-11-24,99,37
Philadelphia,2024-11-24,80,27
Philadelphia,2024-11-24,78,26
San Antonio,2024-11-24,52,11
San Antonio,2024-11-24,52,11
San Antonio,2024-11-24,57,14
New York,2024-11-25,54,12
New York,2024-11-25,61,16
New York,2024-11-25,73,23
Los Angeles,2024-11-25,79,26
Los Angeles,2024-11-25,61,16
Los Angeles,2024-11-25,53,12
Chicago,2024-11-25,78,26
Chicago,2024-11-25,82,28
Chicago,2024-11-25,55,13
Houston,2024-11-25,79,26
Houston,2024-11-25,96,36
Houston,2024-11-25,96,36
Phoenix,2024-11-25,94,34
Phoenix,2024-11-25,81,27
Phoenix,2024-11-25,72,22
Philadelphia,2024-11-25,84,29
Philadelphia,2024-11-25,91,33
Philadelphia,2024-11-25,81,27
San Antonio,2024-11-25,53,12
San Antonio,2024-11-25,56,13
San Antonio,2024-11-25,77,25
New York,2024-11-26,56,13
New York,2024-11-26,52,11
New York,2024-11-26,80,27
Los Angeles,2024-11-26,94,34
Los Angeles,2024-11-26,51,11
Los Angeles,2024-11-26,66,19
Chicago,2024-11-26,65,18
Chicago,2024-11-26,80,27
Chicago,2024-11-26,59,15
Houston,2024-11-26,99,37
Houston,2024-11-26,90,32
Houston,2024-11-26,63,17
Phoenix,2024-11-26,78,26
Phoenix,2024-11-26,72,22
Phoenix,2024-11-26,84,29
Philadelphia,2024-11-26,52,11
Philadelphia,2024-11-26,50,10
Philadelphia,2024-11-26,54,12
San Antonio,2024-11-26,94,34
San Antonio,2024-11-26,79,26
San Antonio,2024-11-26,59,15
New York,2024-11-27,65,18
New York,2024-11-27,86,30
New York,2024-11-27,84,29
Los Angeles,2024-11-27,54,12
Los Angeles,2024-11-27,51,11
Los Angeles,2024-11-27,82,28
Chicago,2024-11-27,64,18
Chicago,2024-11-27,91,33
Chicago,2024-11-27,94,34
Houston,2024-11-27,98,37
Houston,2024-11-27,55,13
Houston,2024-11-27,67,19
Phoenix,2024-11-27,63,17
Phoenix,2024-11-27,91,33
Phoenix,2024-11-27,90,32
Philadelphia,2024-11-27,86,30
Philadelphia,2024-11-27,56,13
Philadelphia,2024-11-27,54,12
San Antonio,2024-11-27,96,36
San Antonio,2024-11-27,52,11
San Antonio,2024-11-27,83,28
New York,2024-11-28,77,25
New York,2024-11-28,62,17
New York,2024-11-28,91,33
Los Angeles,2024-11-28,71,22
Los Angeles,2024-11-28,52,11
Los Angeles,2024-11-28,52,11
Chicago,2024-11-28,55,13
Chicago,2024-11-28,61,16
Chicago,2024-11-28,88,31
Houston,2024-11-28,76,24
Houston,2024-11-28,87,31
Houston,2024-11-28,72,22
Phoenix,2024-11-28,85,29
Phoenix,2024-11-28,94,34
Phoenix,2024-11-28,85,29
Philadelphia,2024-11-28,96,36
Philadelphia,2024-11-28,80,27
Philadelphia,2024-11-28,59,15
San Antonio,2024-11-28,93,34
San Antonio,2024-11-28,90,32
San Antonio,2024-11-28,64,18
New York,2024-11-29,53,12
New York,2024-11-29,77,25
New York,2024-11-29,89,32
Los Angeles,2024-11-29,84,29
Los Angeles,2024-11-29,65,18
Los Angeles,2024-11-29,87,31
Chicago,2024-11-29,58,14
Chicago,2024-11-29,93,34
Chicago,2024-11-29,72,22
Houston,2024-11-29,97,36
Houston,2024-11-29,52,11
Houston,2024-11-29,55,13
Phoenix,2024-11-29,91,33
Phoenix,2024-11-29,71,22
Phoenix,2024-11-29,69,21
Philadelphia,2024-11-29,62,17
Philadelphia,2024-11-29,96,36
Philadelphia,2024-11-29,64,18
San Antonio,2024-11-29,74,23
San Antonio,2024-11-29,69,21
San Antonio,2024-11-29,63,17
New York,2024-11-30,78,26
New York,2024-11-30,85,29
New York,2024-11-30,98,37
Los Angeles,2024-11-30,88,31
Los Angeles,2024-11-30,85,29
Los Angeles,2024-11-30,58,14
Chicago,2024-11-30,93,34
Chicago,2024-11-30,77,25
Chicago,2024-11-30,84,29
Houston,2024-11-30,67,19
Houston,2024-11-30,84,29
Houston,2024-11-30,51,11
Phoenix,2024-11-30,65,18
Phoenix,2024-11-30,90,32
Phoenix,2024-11-30,92,33
Philadelphia,2024-11-30,82,28
Philadelphia,2024-11-30,98,37
Philadelphia,2024-11-30,63,17
San Antonio,2024-11-30,76,24
San Antonio,2024-11-30,86,30
San Antonio,2024-11-30,75,24
